Workbook

Sheet lista
A1: N | B1: Curso | C1: Ordem | D1: Periodo
A2: 1 | B2: Pós-graduação em Análise de Dados | C2: 1 | D2: 3 meses
A3: =A2+1 -> 2 | B3: MBA em Big Data e Inteligência Competitiva | C3: 2 | D3: 3 meses
A4: =A3+1 -> 3 | B4: Pós-Graduação em Data Science | C4: 3 | D4: 3 meses
A5: =A4+1 -> 4 | B5: Pós-graduação em Projetos de Cloud Computing | C5: 4 | D5: 3 meses
A6: =A5+1 -> 5 | B6: Pós-graduação em Engenharia de Software | C6: 5 | D6: 6 meses
A7: =A6+1 -> 6 | B7: Pós-graduação em Privacidade e Proteção de Dados Pessoais | C7: 6 | D7: 6 meses
A8: =A7+1 -> 7 | B8: Pós-Graduação em Desenvolvimento Full Stack | C8: 7 | D8: 6 meses
A9: =A8+1 -> 8 | B9: Pós-graduação em Projetos de Aplicativos Móveis Multiplataforma | C9: 8 | D9: 6 meses
A10: =A9+1 -> 9 | B10: MBA em Web 3.0 | C10: 9 | D10: 9 meses
A11: =A10+1 -> 10 | B11: MBA em Segurança da Informação | C11: 10 | D11: 9 meses
A12: =A11+1 -> 11 | B12: Pós-graduação em Inteligência Artificial Aplicada a Growth Marketing | C12: 11 | D12: 9 meses
A13: =A12+1 -> 12 | B13: Pós-graduação em Tecnologias Aplicadas a Educação | C13: 12 | D13: 9 meses

Sheet disciplina
A1: Curso Pos Graduação | B1: Módulo | C1: Disciplina | D1: Prioridade
A2: Pós-graduação em Análise de Dados | B2: Módulo 1 | C2: Estatística Aplicada a Negócios | D2: =VLOOKUP(A2,lista!$B$2:$C$13,2,0) -> 1
A3: Pós-graduação em Análise de Dados | B3: Módulo 1 | C3: Computação e Inteligência Artificial | D3: =VLOOKUP(A3,lista!$B$2:$C$13,2,0) -> 1
A4: Pós-graduação em Análise de Dados | B4: Módulo 1 | C4: Essencial DataBase | D4: =VLOOKUP(A4,lista!$B$2:$C$13,2,0) -> 1
A5: Pós-graduação em Análise de Dados | B5: Módulo 1 | C5: Big Data Analytics | D5: =VLOOKUP(A5,lista!$B$2:$C$13,2,0) -> 1
A6: Pós-graduação em Análise de Dados | B6: Módulo 2 | C6: Python | D6: =VLOOKUP(A6,lista!$B$2:$C$13,2,0) -> 1
A7: Pós-graduação em Análise de Dados | B7: Módulo 2 | C7: Coleta e Tratamento de Dados | D7: =VLOOKUP(A7,lista!$B$2:$C$13,2,0) -> 1
A8: Pós-graduação em Análise de Dados | B8: Módulo 2 | C8: Statistics for Data Science | D8: =VLOOKUP(A8,lista!$B$2:$C$13,2,0) -> 1
A9: Pós-graduação em Análise de Dados | B9: Módulo 2 | C9: Statistics Library in Python | D9: =VLOOKUP(A9,lista!$B$2:$C$13,2,0) -> 1
A10: Pós-graduação em Análise de Dados | B10: Módulo 2 | C10: Ferramentas para Big Data | D10: =VLOOKUP(A10,lista!$B$2:$C$13,2,0) -> 1
A11: Pós-graduação em Análise de Dados | B11: Módulo 3 | C11: Data Analytics e Big Data para Tomada de Decisão | D11: =VLOOKUP(A11,lista!$B$2:$C$13,2,0) -> 1
A12: Pós-graduação em Análise de Dados | B12: Módulo 3 | C12: Privacy and Data Protection | D12: =VLOOKUP(A12,lista!$B$2:$C$13,2,0) -> 1
A13: Pós-graduação em Análise de Dados | B13: Módulo 3 | C13: Data Integration, Ingestion & Quality | D13: =VLOOKUP(A13,lista!$B$2:$C$13,2,0) -> 1
... A233: Pós-graduação em Privacidade e Proteção de Dados Pessoais | B233: Avaliação | C233: Pitch | D233: =VLOOKUP(A233,lista!$B$2:$C$13,2,0) -> 6

Sheet Contrato
A1: Início | B1: Final
A2: 46317 | B2: =A2+365 -> 46682

Sheet historico
A1: Período Letivo | B1: Curso | C1: Turma | D1: Status
A2: Periodo Letivo Único | B2: Privacidade e Proteção de Dados Pessoais | C2: Privacidade e Proteção de Dados Pessoais - CM1 | D2: Ativa
A3: Periodo Letivo Único | B3: Análise de Dados | C3: Análise de Dados - CM2 | D3: Ativa
A4: Periodo Letivo Único | B4: Inteligência Artificial Aplicada a Growth Marketing | C4: Inteligência Artificial Aplicada a Growth Marketing - CM1 | D4: Ativa
A5: Periodo Letivo Único | B5: Desenvolvimento Full Stack | C5: Desenvolvimento Full Stack - CM1 | D5: Ativa
A6: Periodo Letivo Único | B6: Data Science | C6: Data Science - CM1 | D6: Ativa
A7: Periodo Letivo Único | B7: MBA em Segurança da Informação | C7: MBA em Segurança da Informação - CM2 | D7: Ativa
A8: Periodo Letivo Único | B8: MBA em Big Data e Inteligência Competitiva | C8: MBA em Big Data e Inteligência Competitiva - CM2 | D8: Ativa
A9: Periodo Letivo Único | B9: Projetos de Aplicativos Móveis Multiplataforma | C9: Projetos de Aplicativos Móveis Multiplataforma - CM2 | D9: Ativa
A10: Periodo Letivo Único | B10: MBA em Web 3.0 | C10: MBA em Web 3.0 - CM1 | D10: Ativa
A11: Periodo Letivo Único | B11: Projetos de Cloud Computing | C11: Projetos de Cloud Computing - CM1 | D11: Ativa
A12: Periodo Letivo Único | B12: Tecnologias Aplicadas à Educação | C12: Tecnologias Aplicadas à Educação - CM1 | D12: Ativa
A13: Periodo Letivo Único | B13: Engenharia de Software | C13: Engenharia de Software - CM1 | D13: Ativa
